date,rain_mm
2012.3.1,
2012.3.2,0.3
2012.3.3,
2012.3.4,0
2012.3.5,7
2012.3.6,8.5
2012.3.7,
2012.3.8,
2012.3.9,
2012.3.10,
2012.3.11,0
2012.3.12,
2012.3.13,
2012.3.14,0
2012.3.15,
2012.3.16,4
2012.3.17,2
2012.3.18,
2012.3.19,
2012.3.20,
2012.3.21,
2012.3.22,0
2012.3.23,22
2012.3.24,3.5
2012.3.25,
2012.3.26,
2012.3.27,
2012.3.28,
2012.3.29,0
2012.3.30,0.1
2012.3.31,0
2012.4.1,
2012.4.2,22
2012.4.3,35
2012.4.4,
2012.4.5,
2012.4.6,
2012.4.7,
2012.4.8,
2012.4.9,
2012.4.10,10.5
2012.4.11,3
2012.4.12,
2012.4.13,
2012.4.14,
2012.4.15,
2012.4.16,
2012.4.17,
2012.4.18,
2012.4.19,
2012.4.20,
2012.4.21,47.5
2012.4.22,9
2012.4.23,0
2012.4.24,
2012.4.25,28
2012.4.26,2
2012.4.27,
2012.4.28,
2012.4.29,
2012.4.30,
2012.5.1,
2012.5.2,0.4
2012.5.3,0.2
2012.5.4,
2012.5.5,
2012.5.6,
2012.5.7,
2012.5.8,
2012.5.9,
2012.5.10,
2012.5.11,
2012.5.12,
2012.5.13,
2012.5.14,6.5
2012.5.15,0
2012.5.16,0
2012.5.17,0.5
2012.5.18,
2012.5.19,
2012.5.20,
2012.5.21,
2012.5.22,
2012.5.23,
2012.5.24,
2012.5.25,
2012.5.26,
2012.5.27,0.3
2012.5.28,0.1
2012.5.29,
2012.5.30,0
2012.5.31,0.2
2012.6.1,
2012.6.2,
2012.6.3,
2012.6.4,
2012.6.5,0
2012.6.6,
2012.6.7,
2012.6.8,2
2012.6.9,
2012.6.10,
2012.6.11,
2012.6.12,0.4
2012.6.13,
2012.6.14,
2012.6.15,
2012.6.16,
2012.6.17,
2012.6.18,
2012.6.19,
2012.6.20,
2012.6.21,
2012.6.22,0
2012.6.23,
2012.6.24,
2012.6.25,
2012.6.26,
2012.6.27,
2012.6.28,
2012.6.29,20
2012.6.30,69.5
2012.7.1,0
2012.7.2,
2012.7.3,25
2012.7.4,0.3
2012.7.5,72
2012.7.6,102.5
2012.7.7,
2012.7.8,
2012.7.9,
2012.7.10,6.5
2012.7.11,8
2012.7.12,0
2012.7.13,76.5
2012.7.14,8
2012.7.15,32.5
2012.7.16,2.5
2012.7.17,0
2012.7.18,6
2012.7.19,72.5
2012.7.20,1
2012.7.21,
2012.7.22,16.5
2012.7.23,1
2012.7.24,
2012.7.25,
2012.7.26,
2012.7.27,
2012.7.28,
2012.7.29,0
2012.7.30,18
2012.7.31,0.1
2012.8.1,
2012.8.2,
2012.8.3,
2012.8.4,
2012.8.5,
2012.8.6,
2012.8.7,
2012.8.8,
2012.8.9,
2012.8.10,0.3
2012.8.11,
2012.8.12,17
2012.8.13,2
2012.8.14,15.5
2012.8.15,136.5
2012.8.16,
2012.8.17,0
2012.8.18,2
2012.8.19,5
2012.8.20,59.5
2012.8.21,137
2012.8.22,17
2012.8.23,0.1
2012.8.24,7.5
2012.8.25,11.5
2012.8.26,0
2012.8.27,
2012.8.28,13.5
2012.8.29,6
2012.8.30,34.5
2012.8.31,
2012.9.1,
2012.9.2,
2012.9.3,
2012.9.4,55.5
2012.9.5,10.5
2012.9.6,
2012.9.7,3
2012.9.8,25
2012.9.9,
2012.9.10,
2012.9.11,
2012.9.12,0.5
2012.9.13,13.5
2012.9.14,2
2012.9.15,
2012.9.16,2.5
2012.9.17,85.5
2012.9.18,
2012.9.19,
2012.9.20,0
2012.9.21,
2012.9.22,
2012.9.23,
2012.9.24,
2012.9.25,
2012.9.26,
2012.9.27,
2012.9.28,13.5
2012.9.29,0.5
2012.9.30,
2012.10.1,
2012.10.2,
2012.10.3,
2012.10.4,
2012.10.5,
2012.10.6,
2012.10.7,
2012.10.8,
2012.10.9,
2012.10.10,13
2012.10.11,
2012.10.12,
2012.10.13,
2012.10.14,
2012.10.15,
2012.10.16,
2012.10.17,2.5
2012.10.18,
2012.10.19,
2012.10.20,
2012.10.21,
2012.10.22,39.5
2012.10.23,0
2012.10.24,
2012.10.25,
2012.10.26,
2012.10.27,44
2012.10.28,0
2012.10.29,0
2012.10.30,0.1
2012.10.31,0.2
2012.11.1,
2012.11.2,
2012.11.3,
2012.11.4,4
2012.11.5,8
2012.11.6,5
2012.11.7,
2012.11.8,
2012.11.9,
2012.11.10,
2012.11.11,28
2012.11.12,3
2012.11.13,0
2012.11.14,0
2012.11.15,
2012.11.16,9.5
2012.11.17,1.5
2012.11.18,
2012.11.19,5.5
2012.11.20,
2012.11.21,
2012.11.22,0.3
2012.11.23,
2012.11.24,
2012.11.25,0.5
2012.11.26,1
2012.11.27,
2012.11.28,1
2012.11.29,
2012.11.30,0.5
2012.12.1,
2012.12.2,
2012.12.3,5.4
2012.12.4,
2012.12.5,5.8
2012.12.6,0.1
2012.12.7,1.9
2012.12.8,
2012.12.9,
2012.12.10,
2012.12.11,
2012.12.12,
2012.12.13,
2012.12.14,18.5
2012.12.15,0.5
2012.12.16,
2012.12.17,
2012.12.18,
2012.12.19,
2012.12.20,
2012.12.21,1.8
2012.12.22,
2012.12.23,0
2012.12.24,0
2012.12.25,1
2012.12.26,
2012.12.27,
2012.12.28,0
2012.12.29,4.1
2012.12.30,2.3
2012.12.31,
2013.3.1,3
2013.3.2,
2013.3.3,
2013.3.4,
2013.3.5,
2013.3.6,
2013.3.7,0.5
2013.3.8,
2013.3.9,
2013.3.10,
2013.3.11,
2013.3.12,3.5
2013.3.13,11.5
2013.3.14,
2013.3.15,
2013.3.16,
2013.3.17,7.5
2013.3.18,1
2013.3.19,
2013.3.20,0.1
2013.3.21,
2013.3.22,
2013.3.23,
2013.3.24,
2013.3.25,
2013.3.26,
2013.3.27,
2013.3.28,
2013.3.29,
2013.3.30,0.2
2013.3.31,
2013.4.1,0.5
2013.4.2,8.5
2013.4.3,
2013.4.4,
2013.4.5,
2013.4.6,14
2013.4.7,1
2013.4.8,1
2013.4.9,0.5
2013.4.10,1.5
2013.4.11,0.5
2013.4.12,
2013.4.13,
2013.4.14,3.5
2013.4.15,
2013.4.16,
2013.4.17,
2013.4.18,
2013.4.19,
2013.4.20,9.5
2013.4.21,
2013.4.22,
2013.4.23,5.5
2013.4.24,0.1
2013.4.25,4.5
2013.4.26,0.1
2013.4.27,
2013.4.28,
2013.4.29,21
2013.4.30,
2013.5.1,1
2013.5.2,1
2013.5.3,0
2013.5.4,
2013.5.5,
2013.5.6,
2013.5.7,
2013.5.8,
2013.5.9,2.5
2013.5.10,22
2013.5.11,
2013.5.12,1
2013.5.13,
2013.5.14,
2013.5.15,
2013.5.16,
2013.5.17,
2013.5.18,14.5
2013.5.19,19.5
2013.5.20,
2013.5.21,
2013.5.22,
2013.5.23,
2013.5.24,
2013.5.25,
2013.5.26,
2013.5.27,56.5
2013.5.28,11.5
2013.5.29,2.5
2013.5.30,
2013.5.31,
2013.6.1,
2013.6.2,
2013.6.3,
2013.6.4,0.2
2013.6.5,
2013.6.6,
2013.6.7,
2013.6.8,
2013.6.9,
2013.6.10,
2013.6.11,7
2013.6.12,6.5
2013.6.13,
2013.6.14,
2013.6.15,
2013.6.16,
2013.6.17,0.5
2013.6.18,12
2013.6.19,0.1
2013.6.20,
2013.6.21,
2013.6.22,
2013.6.23,0.3
2013.6.24,
2013.6.25,
2013.6.26,0
2013.6.27,
2013.6.28,1.5
2013.6.29,
2013.6.30,0.2
2013.7.1,
2013.7.2,51.5
2013.7.3,
2013.7.4,32.5
2013.7.5,1
2013.7.6,
2013.7.7,3
2013.7.8,68
2013.7.9,6.5
2013.7.10,1
2013.7.11,14
2013.7.12,74
2013.7.13,165
2013.7.14,23
2013.7.15,3.5
2013.7.16,1.5
2013.7.17,18.5
2013.7.18,26.5
2013.7.19,
2013.7.20,1
2013.7.21,0.5
2013.7.22,84.5
2013.7.23,56.5
2013.7.24,11.5
2013.7.25,0
2013.7.26,
2013.7.27,0.2
2013.7.28,11
2013.7.29,3.5
2013.7.30,9.5
2013.7.31,8.5
2013.8.1,
2013.8.2,7.5
2013.8.3,0.1
2013.8.4,4.5
2013.8.5,7
2013.8.6,45
2013.8.7,
2013.8.8,
2013.8.9,0
2013.8.10,2
2013.8.11,
2013.8.12,
2013.8.13,
2013.8.14,
2013.8.15,0
2013.8.16,4.5
2013.8.17,
2013.8.18,13
2013.8.19,6
2013.8.20,
2013.8.21,
2013.8.22,0
2013.8.23,35
2013.8.24,
2013.8.25,
2013.8.26,
2013.8.27,
2013.8.28,
2013.8.29,21.5
2013.8.30,
2013.8.31,2.5
2013.9.1,
2013.9.2,
2013.9.3,
2013.9.4,
2013.9.5,0
2013.9.6,0
2013.9.7,
2013.9.8,
2013.9.9,
2013.9.10,11.5
2013.9.11,36.5
2013.9.12,0.5
2013.9.13,50
2013.9.14,11.5
2013.9.15,
2013.9.16,
2013.9.17,
2013.9.18,
2013.9.19,
2013.9.20,
2013.9.21,
2013.9.22,0
2013.9.23,
2013.9.24,4.5
2013.9.25,
2013.9.26,
2013.9.27,
2013.9.28,4
2013.9.29,19
2013.9.30,1
2013.10.1,
2013.10.2,
2013.10.3,
2013.10.4,
2013.10.5,
2013.10.6,0
2013.10.7,
2013.10.8,3
2013.10.9,
2013.10.10,
2013.10.11,6.5
2013.10.12,
2013.10.13,
2013.10.14,
2013.10.15,3.5
2013.10.16,
2013.10.17,
2013.10.18,
2013.10.19,
2013.10.20,
2013.10.21,
2013.10.22,
2013.10.23,
2013.10.24,
2013.10.25,
2013.10.26,
2013.10.27,
2013.10.28,
2013.10.29,0.5
2013.10.30,
2013.10.31,
2013.11.1,
2013.11.2,7.5
2013.11.3,0
2013.11.4,
2013.11.5,
2013.11.6,1
2013.11.7,0.1
2013.11.8,
2013.11.9,5.5
2013.11.10,0
2013.11.11,
2013.11.12,
2013.11.13,
2013.11.14,1
2013.11.15,2
2013.11.16,2
2013.11.17,1
2013.11.18,0
2013.11.19,0
2013.11.20,
2013.11.21,
2013.11.22,
2013.11.23,
2013.11.24,14
2013.11.25,9.5
2013.11.26,1.5
2013.11.27,1.7
2013.11.28,
2013.11.29,0
2013.11.30,
2013.12.1,
2013.12.2,0
2013.12.3,
2013.12.4,
2013.12.5,
2013.12.6,0
2013.12.7,0.1
2013.12.8,0
2013.12.9,14
2013.12.10,
2013.12.11,2.6
2013.12.12,4.1
2013.12.13,
2013.12.14,1.1
2013.12.15,
2013.12.16,
2013.12.17,
2013.12.18,0.8
2013.12.19,0.3
2013.12.20,0
2013.12.21,
2013.12.22,
2013.12.23,
2013.12.24,
2013.12.25,
2013.12.26,1.6
2013.12.27,
2013.12.28,
2013.12.29,0.1
2013.12.30,
2013.12.31,
2014.3.1,
2014.3.2,
2014.3.3,
2014.3.4,
2014.3.5,0
2014.3.6,0
2014.3.7,
2014.3.8,
2014.3.9,2.2
2014.3.10,
2014.3.11,
2014.3.12,0.2
2014.3.13,0
2014.3.14,
2014.3.15,
2014.3.16,
2014.3.17,0.5
2014.3.18,0.4
2014.3.19,
2014.3.20,0.4
2014.3.21,
2014.3.22,
2014.3.23,
2014.3.24,0
2014.3.25,0
2014.3.26,0
2014.3.27,
2014.3.28,
2014.3.29,3.5
2014.3.30,0
2014.3.31,
2014.4.1,
2014.4.2,
2014.4.3,0.5
2014.4.4,
2014.4.5,0
2014.4.6,
2014.4.7,
2014.4.8,
2014.4.9,
2014.4.10,
2014.4.11,
2014.4.12,
2014.4.13,
2014.4.14,
2014.4.15,
2014.4.16,
2014.4.17,3
2014.4.18,
2014.4.19,
2014.4.20,
2014.4.21,
2014.4.22,
2014.4.23,
2014.4.24,
2014.4.25,
2014.4.26,
2014.4.27,8.5
2014.4.28,13.5
2014.4.29,5.5
2014.4.30,0
2014.5.1,
2014.5.2,1
2014.5.3,
2014.5.4,0.2
2014.5.5,
2014.5.6,
2014.5.7,2
2014.5.8,4
2014.5.9,
2014.5.10,
2014.5.11,23
2014.5.12,10
2014.5.13,
2014.5.14,
2014.5.15,0.3
2014.5.16,
2014.5.17,
2014.5.18,
2014.5.19,
2014.5.20,
2014.5.21,
2014.5.22,
2014.5.23,
2014.5.24,
2014.5.25,21
2014.5.26,1.5
2014.5.27,
2014.5.28,
2014.5.29,
2014.5.30,
2014.5.31,
2014.6.1,
2014.6.2,2
2014.6.3,33
2014.6.4,
2014.6.5,
2014.6.6,
2014.6.7,
2014.6.8,
2014.6.9,
2014.6.10,5.5
2014.6.11,19
2014.6.12,0.1
2014.6.13,0
2014.6.14,
2014.6.15,
2014.6.16,
2014.6.17,3.5
2014.6.18,0.1
2014.6.19,0
2014.6.20,1.5
2014.6.21,8.5
2014.6.22,0.4
2014.6.23,24.5
2014.6.24,
2014.6.25,
2014.6.26,
2014.6.27,
2014.6.28,0
2014.6.29,
2014.6.30,
2014.7.1,
2014.7.2,20.5
2014.7.3,2
2014.7.4,
2014.7.5,
2014.7.6,
2014.7.7,
2014.7.8,0.2
2014.7.9,0.5
2014.7.10,
2014.7.11,
2014.7.12,
2014.7.13,
2014.7.14,
2014.7.15,
2014.7.16,
2014.7.17,0.2
2014.7.18,1.5
2014.7.19,
2014.7.20,
2014.7.21,
2014.7.22,16.5
2014.7.23,55
2014.7.24,48
2014.7.25,59.5
2014.7.26,2.5
2014.7.27,
2014.7.28,
2014.7.29,
2014.7.30,
2014.7.31,1.5
2014.8.1,
2014.8.2,0
2014.8.3,13
2014.8.4,6.5
2014.8.5,0
2014.8.6,10.5
2014.8.7,0.2
2014.8.8,
2014.8.9,
2014.8.10,42.5
2014.8.11,
2014.8.12,
2014.8.13,0
2014.8.14,0.5
2014.8.15,
2014.8.16,
2014.8.17,3
2014.8.18,11.5
2014.8.19,4.5
2014.8.20,0.5
2014.8.21,46.5
2014.8.22,15
2014.8.23,0.5
2014.8.24,0.1
2014.8.25,0
2014.8.26,11.5
2014.8.27,
2014.8.28,
2014.8.29,6.5
2014.8.30,
2014.8.31,
2014.9.1,1.5
2014.9.2,6
2014.9.3,57.5
2014.9.4,
2014.9.5,
2014.9.6,
2014.9.7,
2014.9.8,
2014.9.9,
2014.9.10,
2014.9.11,
2014.9.12,0.1
2014.9.13,
2014.9.14,
2014.9.15,
2014.9.16,
2014.9.17,
2014.9.18,
2014.9.19,
2014.9.20,
2014.9.21,0
2014.9.22,
2014.9.23,
2014.9.24,6.5
2014.9.25,
2014.9.26,0
2014.9.27,
2014.9.28,0.5
2014.9.29,16
2014.9.30,
2014.10.1,
2014.10.2,9
2014.10.3,
2014.10.4,
2014.10.5,
2014.10.6,
2014.10.7,
2014.10.8,
2014.10.9,
2014.10.10,
2014.10.11,
2014.10.12,
2014.10.13,
2014.10.14,
2014.10.15,
2014.10.16,2.5
2014.10.17,
2014.10.18,
2014.10.19,
2014.10.20,21.5
2014.10.21,18.5
2014.10.22,
2014.10.23,
2014.10.24,
2014.10.25,
2014.10.26,0.5
2014.10.27,
2014.10.28,
2014.10.29,
2014.10.30,
2014.10.31,0.2
2014.11.1,
2014.11.2,2.5
2014.11.3,
2014.11.4,
2014.11.5,
2014.11.6,0.5
2014.11.7,
2014.11.8,
2014.11.9,
2014.11.10,
2014.11.11,2
2014.11.12,5
2014.11.13,
2014.11.14,0
2014.11.15,
2014.11.16,1
2014.11.17,1.5
2014.11.18,
2014.11.19,
2014.11.20,
2014.11.21,
2014.11.22,4
2014.11.23,
2014.11.24,
2014.11.25,
2014.11.26,
2014.11.27,
2014.11.28,18
2014.11.29,
2014.11.30,7
2014.12.1,0.5
2014.12.2,0
2014.12.3,0.9
2014.12.4,0
2014.12.5,
2014.12.6,
2014.12.7,
2014.12.8,
2014.12.9,
2014.12.10,2
2014.12.11,0.5
2014.12.12,0.1
2014.12.13,
2014.12.14,0
2014.12.15,10.5
2014.12.16,0
2014.12.17,
2014.12.18,
2014.12.19,0.9
2014.12.20,2
2014.12.21,0
2014.12.22,0.3
2014.12.23,
2014.12.24,0.2
2014.12.25,
2014.12.26,
2014.12.27,
2014.12.28,
2014.12.29,
2014.12.30,
2014.12.31,0
2015.3.1,0
2015.3.2,
2015.3.3,5.5
2015.3.4,
2015.3.5,
2015.3.6,
2015.3.7,
2015.3.8,
2015.3.9,
2015.3.10,
2015.3.11,
2015.3.12,
2015.3.13,0.1
2015.3.14,
2015.3.15,
2015.3.16,
2015.3.17,0
2015.3.18,1.5
2015.3.19,
2015.3.20,
2015.3.21,
2015.3.22,
2015.3.23,
2015.3.24,
2015.3.25,
2015.3.26,
2015.3.27,
2015.3.28,
2015.3.29,
2015.3.30,
2015.3.31,2.5
2015.4.1,2.5
2015.4.2,28
2015.4.3,3.5
2015.4.4,0
2015.4.5,0.5
2015.4.6,
2015.4.7,0
2015.4.8,
2015.4.9,
2015.4.10,
2015.4.11,
2015.4.12,
2015.4.13,6.5
2015.4.14,10.5
2015.4.15,1
2015.4.16,7
2015.4.17,
2015.4.18,0
2015.4.19,12
2015.4.20,5.5
2015.4.21,
2015.4.22,0
2015.4.23,
2015.4.24,
2015.4.25,
2015.4.26,
2015.4.27,
2015.4.28,0
2015.4.29,3.5
2015.4.30,
2015.5.1,
2015.5.2,0.5
2015.5.3,3.5
2015.5.4,
2015.5.5,
2015.5.6,
2015.5.7,
2015.5.8,
2015.5.9,
2015.5.10,
2015.5.11,14
2015.5.12,9.5
2015.5.13,0
2015.5.14,
2015.5.15,
2015.5.16,
2015.5.17,
2015.5.18,
2015.5.19,1
2015.5.20,
2015.5.21,
2015.5.22,
2015.5.23,
2015.5.24,
2015.5.25,
2015.5.26,
2015.5.27,
2015.5.28,
2015.5.29,
2015.5.30,0.4
2015.5.31,
2015.6.1,
2015.6.2,
2015.6.3,
2015.6.4,
2015.6.5,1
2015.6.6,
2015.6.7,
2015.6.8,
2015.6.9,
2015.6.10,
2015.6.11,7.5
2015.6.12,0.5
2015.6.13,0.5
2015.6.14,15.5
2015.6.15,
2015.6.16,
2015.6.17,9.5
2015.6.18,3
2015.6.19,
2015.6.20,44.5
2015.6.21,
2015.6.22,
2015.6.23,
2015.6.24,
2015.6.25,2
2015.6.26,12.5
2015.6.27,
2015.6.28,
2015.6.29,0
2015.6.30,2.5
2015.7.1,0.5
2015.7.2,
2015.7.3,
2015.7.4,
2015.7.5,
2015.7.6,
2015.7.7,
2015.7.8,0.5
2015.7.9,
2015.7.10,
2015.7.11,0
2015.7.12,29
2015.7.13,10
2015.7.14,
2015.7.15,
2015.7.16,
2015.7.17,
2015.7.18,0.5
2015.7.19,5
2015.7.20,
2015.7.21,11
2015.7.22,1
2015.7.23,16
2015.7.24,26.5
2015.7.25,80
2015.7.26,40.5
2015.7.27,1.5
2015.7.28,0
2015.7.29,4
2015.7.30,
2015.7.31,
2015.8.1,
2015.8.2,16.5
2015.8.3,0
2015.8.4,
2015.8.5,0.1
2015.8.6,
2015.8.7,11
2015.8.8,7.5
2015.8.9,
2015.8.10,
2015.8.11,
2015.8.12,
2015.8.13,0
2015.8.14,
2015.8.15,0.1
2015.8.16,29
2015.8.17,
2015.8.18,
2015.8.19,0
2015.8.20,0.4
2015.8.21,2.5
2015.8.22,0
2015.8.23,
2015.8.24,
2015.8.25,5.5
2015.8.26,0
2015.8.27,0
2015.8.28,0.3
2015.8.29,
2015.8.30,0
2015.8.31,
2015.9.1,
2015.9.2,0.5
2015.9.3,18
2015.9.4,
2015.9.5,5
2015.9.6,
2015.9.7,
2015.9.8,
2015.9.9,
2015.9.10,
2015.9.11,2.5
2015.9.12,
2015.9.13,
2015.9.14,
2015.9.15,
2015.9.16,
2015.9.17,
2015.9.18,
2015.9.19,
2015.9.20,
2015.9.21,
2015.9.22,
2015.9.23,
2015.9.24,
2015.9.25,
2015.9.26,
2015.9.27,
2015.9.28,0
2015.9.29,
2015.9.30,
2015.10.1,35
2015.10.2,
2015.10.3,
2015.10.4,
2015.10.5,
2015.10.6,
2015.10.7,
2015.10.8,
2015.10.9,
2015.10.10,3.5
2015.10.11,3.5
2015.10.12,
2015.10.13,
2015.10.14,
2015.10.15,
2015.10.16,
2015.10.17,
2015.10.18,
2015.10.19,
2015.10.20,
2015.10.21,
2015.10.22,
2015.10.23,
2015.10.24,10.5
2015.10.25,
2015.10.26,2
2015.10.27,26.5
2015.10.28,
2015.10.29,0.5
2015.10.30,
2015.10.31,
2015.11.1,
2015.11.2,
2015.11.3,
2015.11.4,
2015.11.5,
2015.11.6,4.5
2015.11.7,24.5
2015.11.8,10.5
2015.11.9,3.5
2015.11.10,
2015.11.11,
2015.11.12,
2015.11.13,22.5
2015.11.14,3.5
2015.11.15,
2015.11.16,5.5
2015.11.17,
2015.11.18,5.5
2015.11.19,
2015.11.20,
2015.11.21,
2015.11.22,3.5
2015.11.23,6.5
2015.11.24,0.5
2015.11.25,11
2015.11.26,0
2015.11.27,
2015.11.28,0.1
2015.11.29,3
2015.11.30,
2015.12.1,
2015.12.2,13.5
2015.12.3,7.1
2015.12.4,
2015.12.5,
2015.12.6,
2015.12.7,
2015.12.8,
2015.12.9,
2015.12.10,0.3
2015.12.11,
2015.12.12,
2015.12.13,
2015.12.14,2.5
2015.12.15,0.1
2015.12.16,
2015.12.17,
2015.12.18,0
2015.12.19,
2015.12.20,
2015.12.21,2
2015.12.22,
2015.12.23,0.4
2015.12.24,
2015.12.25,0
2015.12.26,0.7
2015.12.27,
2015.12.28,
2015.12.29,
2015.12.30,2.5
2015.12.31,
2016.3.1,
2016.3.2,
2016.3.3,
2016.3.4,0.1
2016.3.5,40
2016.3.6,0.2
2016.3.7,0
2016.3.8,
2016.3.9,
2016.3.10,
2016.3.11,
2016.3.12,
2016.3.13,0.1
2016.3.14,
2016.3.15,
2016.3.16,
2016.3.17,
2016.3.18,
2016.3.19,
2016.3.20,
2016.3.21,
2016.3.22,
2016.3.23,
2016.3.24,
2016.3.25,
2016.3.26,
2016.3.27,
2016.3.28,
2016.3.29,0.1
2016.3.30,
2016.3.31,
2016.4.1,
2016.4.2,
2016.4.3,2
2016.4.4,
2016.4.5,
2016.4.6,3
2016.4.7,7.5
2016.4.8,
2016.4.9,
2016.4.10,
2016.4.11,
2016.4.12,
2016.4.13,1
2016.4.14,
2016.4.15,
2016.4.16,23.5
2016.4.17,20.5
2016.4.18,1.5
2016.4.19,
2016.4.20,0.5
2016.4.21,17
2016.4.22,0
2016.4.23,
2016.4.24,
2016.4.25,
2016.4.26,
2016.4.27,
2016.4.28,
2016.4.29,0.3
2016.4.30,
2016.5.1,
2016.5.2,16.5
2016.5.3,27
2016.5.4,
2016.5.5,7.5
2016.5.6,9.5
2016.5.7,
2016.5.8,
2016.5.9,0
2016.5.10,13.5
2016.5.11,
2016.5.12,
2016.5.13,0.5
2016.5.14,
2016.5.15,45
2016.5.16,2.5
2016.5.17,
2016.5.18,
2016.5.19,
2016.5.20,
2016.5.21,
2016.5.22,
2016.5.23,
2016.5.24,38.5
2016.5.25,
2016.5.26,0
2016.5.27,
2016.5.28,
2016.5.29,
2016.5.30,
2016.5.31,
2016.6.1,
2016.6.2,
2016.6.3,
2016.6.4,
2016.6.5,
2016.6.6,0
2016.6.7,0.1
2016.6.8,
2016.6.9,
2016.6.10,
2016.6.11,3
2016.6.12,1.5
2016.6.13,
2016.6.14,0
2016.6.15,15.5
2016.6.16,0
2016.6.17,
2016.6.18,
2016.6.19,0
2016.6.20,
2016.6.21,
2016.6.22,30.5
2016.6.23,0.1
2016.6.24,3.5
2016.6.25,
2016.6.26,
2016.6.27,
2016.6.28,
2016.6.29,
2016.6.30,0.2
2016.7.1,108.5
2016.7.2,4
2016.7.3,
2016.7.4,29.5
2016.7.5,100.5
2016.7.6,0
2016.7.7,0
2016.7.8,
2016.7.9,
2016.7.10,
2016.7.11,0
2016.7.12,3
2016.7.13,0
2016.7.14,0.1
2016.7.15,1.5
2016.7.16,46.5
2016.7.17,2.5
2016.7.18,0.2
2016.7.19,
2016.7.20,
2016.7.21,
2016.7.22,
2016.7.23,0.5
2016.7.24,0.5
2016.7.25,
2016.7.26,
2016.7.27,0.5
2016.7.28,0.2
2016.7.29,59.5
2016.7.30,0.5
2016.7.31,0.2
2016.8.1,
2016.8.2,2
2016.8.3,
2016.8.4,
2016.8.5,
2016.8.6,
2016.8.7,
2016.8.8,
2016.8.9,1
2016.8.10,
2016.8.11,
2016.8.12,
2016.8.13,
2016.8.14,0.2
2016.8.15,0
2016.8.16,0.5
2016.8.17,
2016.8.18,
2016.8.19,11.5
2016.8.20,
2016.8.21,0
2016.8.22,0.4
2016.8.23,8
2016.8.24,0
2016.8.25,4.5
2016.8.26,20
2016.8.27,0
2016.8.28,1.5
2016.8.29,
2016.8.30,0
2016.8.31,17.5
2016.9.1,
2016.9.2,4.5
2016.9.3,0.5
2016.9.4,
2016.9.5,
2016.9.6,
2016.9.7,
2016.9.8,4.5
2016.9.9,
2016.9.10,
2016.9.11,
2016.9.12,2.5
2016.9.13,
2016.9.14,
2016.9.15,
2016.9.16,
2016.9.17,7
2016.9.18,
2016.9.19,
2016.9.20,
2016.9.21,
2016.9.22,
2016.9.23,
2016.9.24,
2016.9.25,
2016.9.26,
2016.9.27,13.5
2016.9.28,0.5
2016.9.29,
2016.9.30,
2016.10.1,
2016.10.2,18.5
2016.10.3,6.5
2016.10.4,
2016.10.5,
2016.10.6,
2016.10.7,2
2016.10.8,6
2016.10.9,
2016.10.10,
2016.10.11,
2016.10.12,
2016.10.13,
2016.10.14,
2016.10.15,
2016.10.16,1.5
2016.10.17,
2016.10.18,
2016.10.19,
2016.10.20,
2016.10.21,
2016.10.22,
2016.10.23,2.5
2016.10.24,
2016.10.25,37
2016.10.26,0
2016.10.27,
2016.10.28,0.3
2016.10.29,
2016.10.30,
2016.10.31,0.5
2016.11.1,
2016.11.2,0.1
2016.11.3,0.2
2016.11.4,0
2016.11.5,0
2016.11.6,
2016.11.7,5.5
2016.11.8,0.5
2016.11.9,
2016.11.10,0.4
2016.11.11,4
2016.11.12,
2016.11.13,0.5
2016.11.14,1.5
2016.11.15,
2016.11.16,
2016.11.17,
2016.11.18,0
2016.11.19,0
2016.11.20,
2016.11.21,
2016.11.22,0.2
2016.11.23,
2016.11.24,
2016.11.25,
2016.11.26,2.8
2016.11.27,0
2016.11.28,
2016.11.29,
2016.11.30,1
2016.12.1,
2016.12.2,
2016.12.3,
2016.12.4,
2016.12.5,1.5
2016.12.6,
2016.12.7,0
2016.12.8,3
2016.12.9,3
2016.12.10,
2016.12.11,
2016.12.12,
2016.12.13,
2016.12.14,0.1
2016.12.15,
2016.12.16,
2016.12.17,0
2016.12.18,
2016.12.19,0.1
2016.12.20,
2016.12.21,29
2016.12.22,23.5
2016.12.23,0.1
2016.12.24,
2016.12.25,
2016.12.26,0
2016.12.27,0.5
2016.12.28,
2016.12.29,0.3
2016.12.30,
2016.12.31,0
2017.3.1,5
2017.3.2,0.5
2017.3.3,
2017.3.4,
2017.3.5,0.5
2017.3.6,
2017.3.7,0
2017.3.8,0
2017.3.9,
2017.3.10,
2017.3.11,
2017.3.12,0
2017.3.13,
2017.3.14,
2017.3.15,
2017.3.16,
2017.3.17,
2017.3.18,
2017.3.19,
2017.3.20,
2017.3.21,
2017.3.22,
2017.3.23,
2017.3.24,
2017.3.25,
2017.3.26,
2017.3.27,0.4
2017.3.28,
2017.3.29,
2017.3.30,
2017.3.31,1.5
2017.4.1,1
2017.4.2,
2017.4.3,
2017.4.4,
2017.4.5,37.5
2017.4.6,3
2017.4.7,
2017.4.8,0.5
2017.4.9,0.5
2017.4.10,
2017.4.11,
2017.4.12,
2017.4.13,0
2017.4.14,6
2017.4.15,
2017.4.16,
2017.4.17,5.5
2017.4.18,7.5
2017.4.19,
2017.4.20,0.1
2017.4.21,
2017.4.22,
2017.4.23,
2017.4.24,
2017.4.25,
2017.4.26,
2017.4.27,
2017.4.28,
2017.4.29,
2017.4.30,
2017.5.1,
2017.5.2,
2017.5.3,
2017.5.4,
2017.5.5,
2017.5.6,
2017.5.7,
2017.5.8,
2017.5.9,2.5
2017.5.10,2.5
2017.5.11,0
2017.5.12,
2017.5.13,6
2017.5.14,
2017.5.15,0
2017.5.16,
2017.5.17,
2017.5.18,
2017.5.19,
2017.5.20,
2017.5.21,
2017.5.22,
2017.5.23,5
2017.5.24,0.1
2017.5.25,
2017.5.26,
2017.5.27,
2017.5.28,
2017.5.29,
2017.5.30,
2017.5.31,
2017.6.1,
2017.6.2,0
2017.6.3,
2017.6.4,
2017.6.5,0
2017.6.6,15.5
2017.6.7,12.5
2017.6.8,
2017.6.9,0.1
2017.6.10,4.5
2017.6.11,
2017.6.12,
2017.6.13,0
2017.6.14,
2017.6.15,
2017.6.16,
2017.6.17,
2017.6.18,
2017.6.19,
2017.6.20,0
2017.6.21,0
2017.6.22,
2017.6.23,
2017.6.24,3.5
2017.6.25,1.5
2017.6.26,29
2017.6.27,0
2017.6.28,
2017.6.29,
2017.6.30,
2017.7.1,0.5
2017.7.2,92
2017.7.3,67.5
2017.7.4,0.5
2017.7.5,
2017.7.6,34
2017.7.7,16.5
2017.7.8,4.5
2017.7.9,32.5
2017.7.10,144.5
2017.7.11,1
2017.7.12,0
2017.7.13,
2017.7.14,0
2017.7.15,42.5
2017.7.16,22.5
2017.7.17,7.5
2017.7.18,2.5
2017.7.19,
2017.7.20,
2017.7.21,
2017.7.22,0.5
2017.7.23,133.5
2017.7.24,3
2017.7.25,
2017.7.26,
2017.7.27,3.5
2017.7.28,8.5
2017.7.29,0
2017.7.30,
2017.7.31,3.5
2017.8.1,2
2017.8.2,
2017.8.3,
2017.8.4,
2017.8.5,0
2017.8.6,5
2017.8.7,
2017.8.8,
2017.8.9,2.5
2017.8.10,5.5
2017.8.11,0.5
2017.8.12,
2017.8.13,0
2017.8.14,1.5
2017.8.15,93.5
2017.8.16,2
2017.8.17,0.5
2017.8.18,0
2017.8.19,0
2017.8.20,124.5
2017.8.21,5
2017.8.22,
2017.8.23,31.5
2017.8.24,14
2017.8.25,
2017.8.26,
2017.8.27,0
2017.8.28,9
2017.8.29,
2017.8.30,
2017.8.31,
2017.9.1,
2017.9.2,
2017.9.3,
2017.9.4,
2017.9.5,0
2017.9.6,2
2017.9.7,
2017.9.8,
2017.9.9,
2017.9.10,0.5
2017.9.11,24
2017.9.12,
2017.9.13,
2017.9.14,
2017.9.15,
2017.9.16,
2017.9.17,
2017.9.18,
2017.9.19,8
2017.9.20,
2017.9.21,
2017.9.22,
2017.9.23,0
2017.9.24,0
2017.9.25,
2017.9.26,0
2017.9.27,0.5
2017.9.28,
2017.9.29,
2017.9.30,
2017.10.1,4
2017.10.2,1.5
2017.10.3,
2017.10.4,
2017.10.5,
2017.10.6,0.5
2017.10.7,0
2017.10.8,
2017.10.9,0
2017.10.10,0.4
2017.10.11,20
2017.10.12,
2017.10.13,
2017.10.14,
2017.10.15,
2017.10.16,
2017.10.17,
2017.10.18,0.1
2017.10.19,
2017.10.20,
2017.10.21,
2017.10.22,
2017.10.23,
2017.10.24,
2017.10.25,
2017.10.26,
2017.10.27,
2017.10.28,
2017.10.29,
2017.10.30,
2017.10.31,
2017.11.1,
2017.11.2,1
2017.11.3,1.5
2017.11.4,
2017.11.5,
2017.11.6,
2017.11.7,0
2017.11.8,0
2017.11.9,
2017.11.10,7.5
2017.11.11,
2017.11.12,
2017.11.13,4.5
2017.11.14,
2017.11.15,
2017.11.16,
2017.11.17,0
2017.11.18,
2017.11.19,
2017.11.20,0
2017.11.21,
2017.11.22,0.5
2017.11.23,1.2
2017.11.24,0
2017.11.25,24
2017.11.26,
2017.11.27,
2017.11.28,0.5
2017.11.29,0
2017.11.30,
2017.12.1,0
2017.12.2,
2017.12.3,4
2017.12.4,0.1
2017.12.5,0.1
2017.12.6,1.2
2017.12.7,
2017.12.8,
2017.12.9,
2017.12.10,4.1
2017.12.11,
2017.12.12,
2017.12.13,
2017.12.14,
2017.12.15,0
2017.12.16,
2017.12.17,
2017.12.18,3.4
2017.12.19,
2017.12.20,0.2
2017.12.21,
2017.12.22,
2017.12.23,
2017.12.24,20
2017.12.25,
2017.12.26,
2017.12.27,
2017.12.28,0
2017.12.29,0
2017.12.30,0.7
2017.12.31,1
2018.3.1,0.5
2018.3.2,
2018.3.3,0
2018.3.4,11.5
2018.3.5,3.5
2018.3.6,
2018.3.7,0.5
2018.3.8,4
2018.3.9,
2018.3.10,
2018.3.11,
2018.3.12,
2018.3.13,
2018.3.14,
2018.3.15,27
2018.3.16,
2018.3.17,
2018.3.18,0.5
2018.3.19,1
2018.3.20,
2018.3.21,1
2018.3.22,
2018.3.23,
2018.3.24,
2018.3.25,
2018.3.26,
2018.3.27,
2018.3.28,
2018.3.29,
2018.3.30,
2018.3.31,
2018.4.1,
2018.4.2,
2018.4.3,0.1
2018.4.4,18.5
2018.4.5,10.5
2018.4.6,6.5
2018.4.7,0.2
2018.4.8,3
2018.4.9,
2018.4.10,5
2018.4.11,
2018.4.12,
2018.4.13,
2018.4.14,9
2018.4.15,
2018.4.16,
2018.4.17,
2018.4.18,
2018.4.19,
2018.4.20,
2018.4.21,
2018.4.22,15.5
2018.4.23,59
2018.4.24,3
2018.4.25,
2018.4.26,
2018.4.27,
2018.4.28,
2018.4.29,
2018.4.30,
2018.5.1,0
2018.5.2,12
2018.5.3,1
2018.5.4,
2018.5.5,
2018.5.6,22
2018.5.7,
2018.5.8,
2018.5.9,
2018.5.10,
2018.5.11,
2018.5.12,32
2018.5.13,0.5
2018.5.14,
2018.5.15,0
2018.5.16,45
2018.5.17,83
2018.5.18,6.5
2018.5.19,
2018.5.20,
2018.5.21,
2018.5.22,12.5
2018.5.23,6.5
2018.5.24,
2018.5.25,
2018.5.26,
2018.5.27,
2018.5.28,
2018.5.29,1
2018.5.30,0
2018.5.31,
2018.6.1,
2018.6.2,
2018.6.3,
2018.6.4,
2018.6.5,
2018.6.6,
2018.6.7,
2018.6.8,
2018.6.9,0.5
2018.6.10,0.5
2018.6.11,5
2018.6.12,0
2018.6.13,0
2018.6.14,29
2018.6.15,16.5
2018.6.16,
2018.6.17,
2018.6.18,
2018.6.19,
2018.6.20,
2018.6.21,
2018.6.22,
2018.6.23,
2018.6.24,
2018.6.25,
2018.6.26,71.5
2018.6.27,1
2018.6.28,26.5
2018.6.29,6.5
2018.6.30,14.5
2018.7.1,83.5
2018.7.2,59.5
2018.7.3,0.1
2018.7.4,
2018.7.5,0.5
2018.7.6,
2018.7.7,
2018.7.8,
2018.7.9,14
2018.7.10,16.5
2018.7.11,3
2018.7.12,1
2018.7.13,
2018.7.14,0
2018.7.15,
2018.7.16,
2018.7.17,
2018.7.18,
2018.7.19,
2018.7.20,
2018.7.21,
2018.7.22,
2018.7.23,
2018.7.24,
2018.7.25,
2018.7.26,
2018.7.27,
2018.7.28,7.5
2018.7.29,
2018.7.30,
2018.7.31,
2018.8.1,
2018.8.2,
2018.8.3,
2018.8.4,
2018.8.5,2
2018.8.6,6.5
2018.8.7,
2018.8.8,
2018.8.9,2
2018.8.10,
2018.8.11,
2018.8.12,5
2018.8.13,1
2018.8.14,
2018.8.15,1
2018.8.16,
2018.8.17,
2018.8.18,
2018.8.19,
2018.8.20,0
2018.8.21,5
2018.8.22,
2018.8.23,3
2018.8.24,7.5
2018.8.25,
2018.8.26,2
2018.8.27,19.5
2018.8.28,96.5
2018.8.29,42
2018.8.30,9.5
2018.8.31,0.1
2018.9.1,
2018.9.2,
2018.9.3,34.5
2018.9.4,
2018.9.5,
2018.9.6,1
2018.9.7,0.5
2018.9.8,
2018.9.9,
2018.9.10,
2018.9.11,
2018.9.12,
2018.9.13,
2018.9.14,0.5
2018.9.15,0.2
2018.9.16,2
2018.9.17,0.1
2018.9.18,
2018.9.19,0.2
2018.9.20,5
2018.9.21,18
2018.9.22,6.5
2018.9.23,0
2018.9.24,
2018.9.25,
2018.9.26,
2018.9.27,
2018.9.28,
2018.9.29,
2018.9.30,
2018.10.1,0
2018.10.2,
2018.10.3,
2018.10.4,
2018.10.5,36.5
2018.10.6,55.5
2018.10.7,
2018.10.8,
2018.10.9,0
2018.10.10,7
2018.10.11,
2018.10.12,
2018.10.13,
2018.10.14,
2018.10.15,
2018.10.16,
2018.10.17,
2018.10.18,
2018.10.19,
2018.10.20,
2018.10.21,
2018.10.22,
2018.10.23,5
2018.10.24,
2018.10.25,
2018.10.26,11
2018.10.27,
2018.10.28,5.5
2018.10.29,0
2018.10.30,0
2018.10.31,0
2018.11.1,
2018.11.2,
2018.11.3,
2018.11.4,
2018.11.5,
2018.11.6,
2018.11.7,2
2018.11.8,64
2018.11.9,1
2018.11.10,0
2018.11.11,0
2018.11.12,
2018.11.13,
2018.11.14,
2018.11.15,
2018.11.16,
2018.11.17,
2018.11.18,
2018.11.19,
2018.11.20,0.2
2018.11.21,1
2018.11.22,
2018.11.23,
2018.11.24,10.9
2018.11.25,
2018.11.26,
2018.11.27,
2018.11.28,
2018.11.29,0
2018.11.30,
2018.12.1,
2018.12.2,
2018.12.3,9.5
2018.12.4,5
2018.12.5,
2018.12.6,0
2018.12.7,
2018.12.8,
2018.12.9,
2018.12.10,
2018.12.11,
2018.12.12,
2018.12.13,1.3
2018.12.14,
2018.12.15,
2018.12.16,0.3
2018.12.17,0.3
2018.12.18,
2018.12.19,
2018.12.20,
2018.12.21,
2018.12.22,
2018.12.23,
2018.12.24,
2018.12.25,
2018.12.26,
2018.12.27,
2018.12.28,
2018.12.29,
2018.12.30,
2018.12.31,
2019.3.1,
2019.3.2,
2019.3.3,
2019.3.4,
2019.3.5,
2019.3.6,
2019.3.7,
2019.3.8,
2019.3.9,
2019.3.10,
2019.3.11,0
2019.3.12,0
2019.3.13,0
2019.3.14,0
2019.3.15,3.5
2019.3.16,
2019.3.17,
2019.3.18,
2019.3.19,
2019.3.20,16.5
2019.3.21,3.3
2019.3.22,
2019.3.23,1.7
2019.3.24,
2019.3.25,
2019.3.26,
2019.3.27,
2019.3.28,
2019.3.29,
2019.3.30,1.8
2019.3.31,0
2019.4.1,
2019.4.2,
2019.4.3,
2019.4.4,
2019.4.5,0
2019.4.6,0.8
2019.4.7,
2019.4.8,
2019.4.9,17.4
2019.4.10,5.6
2019.4.11,
2019.4.12,
2019.4.13,
2019.4.14,1.7
2019.4.15,
2019.4.16,
2019.4.17,
2019.4.18,0
2019.4.19,
2019.4.20,1.2
2019.4.21,0.3
2019.4.22,
2019.4.23,0
2019.4.24,4.1
2019.4.25,11.3
2019.4.26,4.9
2019.4.27,
2019.4.28,0
2019.4.29,
2019.4.30,
2019.5.1,
2019.5.2,
2019.5.3,
2019.5.4,
2019.5.5,
2019.5.6,0
2019.5.7,
2019.5.8,
2019.5.9,
2019.5.10,
2019.5.11,
2019.5.12,
2019.5.13,0
2019.5.14,
2019.5.15,
2019.5.16,
2019.5.17,
2019.5.18,0
2019.5.19,22
2019.5.20,8.7
2019.5.21,
2019.5.22,
2019.5.23,
2019.5.24,
2019.5.25,
2019.5.26,
2019.5.27,7.1
2019.5.28,
2019.5.29,
2019.5.30,0
2019.5.31,
2019.6.1,
2019.6.2,
2019.6.3,
2019.6.4,
2019.6.5,
2019.6.6,7.5
2019.6.7,35.3
2019.6.8,
2019.6.9,2.5
2019.6.10,9.5
2019.6.11,
2019.6.12,
2019.6.13,
2019.6.14,
2019.6.15,2.1
2019.6.16,
2019.6.17,0
2019.6.18,13.8
2019.6.19,0.2
2019.6.20,
2019.6.21,0.2
2019.6.22,
2019.6.23,
2019.6.24,
2019.6.25,
2019.6.26,0
2019.6.27,1.4
2019.6.28,0
2019.6.29,1.5
2019.6.30,0
2019.7.1,
2019.7.2,
2019.7.3,
2019.7.4,
2019.7.5,0
2019.7.6,
2019.7.7,
2019.7.8,
2019.7.9,
2019.7.10,8.5
2019.7.11,2.9
2019.7.12,
2019.7.13,0
2019.7.14,
2019.7.15,7.7
2019.7.16,6.3
2019.7.17,0.7
2019.7.18,
2019.7.19,0
2019.7.20,1.1
2019.7.21,6.2
2019.7.22,0.1
2019.7.23,
2019.7.24,1
2019.7.25,9.7
2019.7.26,60
2019.7.27,0.6
2019.7.28,25.6
2019.7.29,0.5
2019.7.30,1.2
2019.7.31,62.3
2019.8.1,26.9
2019.8.2,
2019.8.3,3
2019.8.4,8.6
2019.8.5,
2019.8.6,
2019.8.7,8
2019.8.8,0
2019.8.9,
2019.8.10,
2019.8.11,6.7
2019.8.12,56.2
2019.8.13,6.4
2019.8.14,
2019.8.15,16.2
2019.8.16,0.1
2019.8.17,0
2019.8.18,
2019.8.19,
2019.8.20,
2019.8.21,1.3
2019.8.22,
2019.8.23,
2019.8.24,
2019.8.25,
2019.8.26,
2019.8.27,20
2019.8.28,
2019.8.29,36.9
2019.8.30,0.2
2019.8.31,
2019.9.1,
2019.9.2,
2019.9.3,0
2019.9.4,22.7
2019.9.5,36.4
2019.9.6,2.4
2019.9.7,2.8
2019.9.8,0
2019.9.9,0
2019.9.10,63.2
2019.9.11,7.6
2019.9.12,3.9
2019.9.13,0.1
2019.9.14,0.3
2019.9.15,
2019.9.16,
2019.9.17,
2019.9.18,
2019.9.19,
2019.9.20,
2019.9.21,
2019.9.22,0.4
2019.9.23,
2019.9.24,
2019.9.25,
2019.9.26,
2019.9.27,
2019.9.28,
2019.9.29,
2019.9.30,
2019.10.1,
2019.10.2,23.1
2019.10.3,4.6
2019.10.4,
2019.10.5,0.6
2019.10.6,
2019.10.7,25.4
2019.10.8,
2019.10.9,
2019.10.10,
2019.10.11,
2019.10.12,
2019.10.13,
2019.10.14,
2019.10.15,
2019.10.16,
2019.10.17,
2019.10.18,
2019.10.19,
2019.10.20,
2019.10.21,
2019.10.22,
2019.10.23,
2019.10.24,
2019.10.25,0
2019.10.26,
2019.10.27,
2019.10.28,1.7
2019.10.29,0.1
2019.10.30,
2019.10.31,
2019.11.1,
2019.11.2,
2019.11.3,
2019.11.4,
2019.11.5,
2019.11.6,
2019.11.7,
2019.11.8,
2019.11.9,
2019.11.10,11.8
2019.11.11,1.1
2019.11.12,
2019.11.13,7.5
2019.11.14,
2019.11.15,18.8
2019.11.16,
2019.11.17,21.1
2019.11.18,14.7
2019.11.19,0
2019.11.20,
2019.11.21,
2019.11.22,
2019.11.23,
2019.11.24,3.8
2019.11.25,
2019.11.26,
2019.11.27,
2019.11.28,
2019.11.29,
2019.11.30,
2019.12.1,3.3
2019.12.2,
2019.12.3,0.6
2019.12.4,0
2019.12.5,
2019.12.6,
2019.12.7,0.1
2019.12.8,
2019.12.9,0
2019.12.10,1.7
2019.12.11,0.2
2019.12.12,
2019.12.13,1
2019.12.14,0
2019.12.15,
2019.12.16,
2019.12.17,9.8
2019.12.18,
2019.12.19,0
2019.12.20,0
2019.12.21,0.6
2019.12.22,0.3
2019.12.23,2.9
2019.12.24,
2019.12.25,
2019.12.26,0.3
2019.12.27,
2019.12.28,
2019.12.29,1.4
2019.12.30,0.4
2019.12.31,0
2020.3.1,0.2
2020.3.2,0
2020.3.3,
2020.3.4,0
2020.3.5,
2020.3.6,
2020.3.7,
2020.3.8,
2020.3.9,
2020.3.10,11.8
2020.3.11,
2020.3.12,
2020.3.13,0.5
2020.3.14,
2020.3.15,
2020.3.16,
2020.3.17,
2020.3.18,
2020.3.19,0
2020.3.20,
2020.3.21,
2020.3.22,
2020.3.23,
2020.3.24,
2020.3.25,
2020.3.26,1.8
2020.3.27,2
2020.3.28,
2020.3.29,
2020.3.30,
2020.3.31,
2020.4.1,
2020.4.2,
2020.4.3,
2020.4.4,
2020.4.5,
2020.4.6,
2020.4.7,
2020.4.8,
2020.4.9,
2020.4.10,
2020.4.11,
2020.4.12,
2020.4.13,
2020.4.14,
2020.4.15,
2020.4.16,
2020.4.17,6.5
2020.4.18,
2020.4.19,10.3
2020.4.20,0.1
2020.4.21,
2020.4.22,0
2020.4.23,
2020.4.24,
2020.4.25,
2020.4.26,
2020.4.27,
2020.4.28,
2020.4.29,
2020.4.30,
2020.5.1,
2020.5.2,0
2020.5.3,0
2020.5.4,
2020.5.5,
2020.5.6,
2020.5.7,
2020.5.8,2.3
2020.5.9,24.4
2020.5.10,1.3
2020.5.11,3.4
2020.5.12,0.7
2020.5.13,
2020.5.14,
2020.5.15,12
2020.5.16,2.5
2020.5.17,0
2020.5.18,29.8
2020.5.19,19
2020.5.20,0
2020.5.21,
2020.5.22,0
2020.5.23,0
2020.5.24,14.5
2020.5.25,
2020.5.26,1.5
2020.5.27,
2020.5.28,0
2020.5.29,
2020.5.30,
2020.5.31,1
2020.6.1,0.4
2020.6.2,2
2020.6.3,
2020.6.4,0.2
2020.6.5,
2020.6.6,
2020.6.7,
2020.6.8,
2020.6.9,
2020.6.10,6.2
2020.6.11,0
2020.6.12,
2020.6.13,0
2020.6.14,1.1
2020.6.15,
2020.6.16,
2020.6.17,
2020.6.18,
2020.6.19,0.1
2020.6.20,
2020.6.21,
2020.6.22,
2020.6.23,0
2020.6.24,37.6
2020.6.25,13.3
2020.6.26,2.1
2020.6.27,0
2020.6.28,
2020.6.29,11.9
2020.6.30,64.7
2020.7.1,0
2020.7.2,
2020.7.3,0.1
2020.7.4,1.6
2020.7.5,
2020.7.6,
2020.7.7,0
2020.7.8,
2020.7.9,
2020.7.10,2.2
2020.7.11,
2020.7.12,2.9
2020.7.13,47.6
2020.7.14,11.5
2020.7.15,
2020.7.16,
2020.7.17,0
2020.7.18,
2020.7.19,29.1
2020.7.20,3.6
2020.7.21,0
2020.7.22,11.5
2020.7.23,103.1
2020.7.24,2.9
2020.7.25,0
2020.7.26,0
2020.7.27,2.2
2020.7.28,0.4
2020.7.29,50.1
2020.7.30,0.1
2020.7.31,1.5
2020.8.1,39.1
2020.8.2,31.4
2020.8.3,102.6
2020.8.4,3.9
2020.8.5,18.5
2020.8.6,75.7
2020.8.7,0
2020.8.8,19.1
2020.8.9,50.3
2020.8.10,44.6
2020.8.11,97
2020.8.12,
2020.8.13,
2020.8.14,0.4
2020.8.15,69
2020.8.16,
2020.8.17,
2020.8.18,
2020.8.19,
2020.8.20,
2020.8.21,2.5
2020.8.22,42.6
2020.8.23,
2020.8.24,
2020.8.25,
2020.8.26,0.6
2020.8.27,8.7
2020.8.28,13.6
2020.8.29,13.6
2020.8.30,42.5
2020.8.31,0
2020.9.1,0
2020.9.2,33.3
2020.9.3,29.8
2020.9.4,
2020.9.5,
2020.9.6,6.4
2020.9.7,61
2020.9.8,0
2020.9.9,1.3
2020.9.10,3.9
2020.9.11,1.2
2020.9.12,5.7
2020.9.13,
2020.9.14,0
2020.9.15,
2020.9.16,0.3
2020.9.17,
2020.9.18,
2020.9.19,0.3
2020.9.20,
2020.9.21,
2020.9.22,
2020.9.23,
2020.9.24,
2020.9.25,
2020.9.26,
2020.9.27,
2020.9.28,
2020.9.29,
2020.9.30,38.3
2020.10.1,
2020.10.2,0
2020.10.3,0
2020.10.4,0
2020.10.5,
2020.10.6,
2020.10.7,
2020.10.8,
2020.10.9,
2020.10.10,
2020.10.11,
2020.10.12,
2020.10.13,
2020.10.14,
2020.10.15,
2020.10.16,
2020.10.17,
2020.10.18,
2020.10.19,
2020.10.20,
2020.10.21,
2020.10.22,0
2020.10.23,
2020.10.24,
2020.10.25,
2020.10.26,
2020.10.27,
2020.10.28,
2020.10.29,
2020.10.30,
2020.10.31,
2020.11.1,13.6
2020.11.2,1.7
2020.11.3,0.5
2020.11.4,
2020.11.5,
2020.11.6,
2020.11.7,0.1
2020.11.8,
2020.11.9,
2020.11.10,
2020.11.11,
2020.11.12,
2020.11.13,
2020.11.14,
2020.11.15,
2020.11.16,
2020.11.17,0.1
2020.11.18,12.2
2020.11.19,86.9
2020.11.20,0
2020.11.21,0.2
2020.11.22,4.8
2020.11.23,
2020.11.24,
2020.11.25,
2020.11.26,
2020.11.27,0
2020.11.28,
2020.11.29,
2020.11.30,
2020.12.1,
2020.12.2,
2020.12.3,
2020.12.4,
2020.12.5,
2020.12.6,
2020.12.7,
2020.12.8,
2020.12.9,
2020.12.10,0
2020.12.11,
2020.12.12,
2020.12.13,2.9
2020.12.14,
2020.12.15,
2020.12.16,
2020.12.17,0
2020.12.18,0.2
2020.12.19,
2020.12.20,
2020.12.21,
2020.12.22,
2020.12.23,0
2020.12.24,
2020.12.25,
2020.12.26,
2020.12.27,0
2020.12.28,1.3
2020.12.29,0.2
2020.12.30,
2020.12.31,0
2021.3.1,67.5
2021.3.2,0.1
2021.3.3,
2021.3.4,
2021.3.5,
2021.3.6,
2021.3.7,
2021.3.8,
2021.3.9,
2021.3.10,
2021.3.11,
2021.3.12,0
2021.3.13,
2021.3.14,
2021.3.15,1.7
2021.3.16,1.3
2021.3.17,
2021.3.18,
2021.3.19,
2021.3.20,5.1
2021.3.21,0.3
2021.3.22,
2021.3.23,
2021.3.24,
2021.3.25,
2021.3.26,
2021.3.27,25.5
2021.3.28,9.2
2021.3.29,0.2
2021.3.30,
2021.3.31,
2021.4.1,
2021.4.2,0
2021.4.3,56.2
2021.4.4,0.6
2021.4.5,
2021.4.6,
2021.4.7,
2021.4.8,
2021.4.9,
2021.4.10,
2021.4.11,
2021.4.12,22
2021.4.13,8
2021.4.14,
2021.4.15,
2021.4.16,0.7
2021.4.17,0
2021.4.18,
2021.4.19,
2021.4.20,
2021.4.21,
2021.4.22,
2021.4.23,0
2021.4.24,0
2021.4.25,
2021.4.26,
2021.4.27,1.7
2021.4.28,4.7
2021.4.29,3.9
2021.4.30,26.3
2021.5.1,8
2021.5.2,1.7
2021.5.3,
2021.5.4,19.6
2021.5.5,0.1
2021.5.6,
2021.5.7,8.8
2021.5.8,
2021.5.9,
2021.5.10,0
2021.5.11,
2021.5.12,
2021.5.13,
2021.5.14,
2021.5.15,15
2021.5.16,66.9
2021.5.17,3.1
2021.5.18,
2021.5.19,
2021.5.20,0.9
2021.5.21,6.9
2021.5.22,0.2
2021.5.23,
2021.5.24,
2021.5.25,8.3
2021.5.26,0
2021.5.27,8.9
2021.5.28,12.3
2021.5.29,0.3
2021.5.30,18.1
2021.5.31,4
2021.6.1,3.2
2021.6.2,
2021.6.3,18.1
2021.6.4,
2021.6.5,
2021.6.6,
2021.6.7,0
2021.6.8,0.1
2021.6.9,
2021.6.10,6.1
2021.6.11,4.6
2021.6.12,
2021.6.13,
2021.6.14,
2021.6.15,1.9
2021.6.16,
2021.6.17,0
2021.6.18,6.3
2021.6.19,
2021.6.20,
2021.6.21,
2021.6.22,0
2021.6.23,7.5
2021.6.24,
2021.6.25,
2021.6.26,4.5
2021.6.27,38.2
2021.6.28,0.1
2021.6.29,8
2021.6.30,6
2021.7.1,
2021.7.2,
2021.7.3,60
2021.7.4,21.4
2021.7.5,
2021.7.6,
2021.7.7,12.7
2021.7.8,2.9
2021.7.9,0
2021.7.10,0.5
2021.7.11,0.4
2021.7.12,
2021.7.13,
2021.7.14,
2021.7.15,0
2021.7.16,
2021.7.17,0
2021.7.18,
2021.7.19,67.4
2021.7.20,0
2021.7.21,
2021.7.22,
2021.7.23,
2021.7.24,
2021.7.25,
2021.7.26,
2021.7.27,
2021.7.28,0
2021.7.29,
2021.7.30,
2021.7.31,3
2021.8.1,21
2021.8.2,1.7
2021.8.3,0
2021.8.4,
2021.8.5,
2021.8.6,
2021.8.7,
2021.8.8,12.7
2021.8.9,
2021.8.10,
2021.8.11,0
2021.8.12,0
2021.8.13,
2021.8.14,
2021.8.15,
2021.8.16,0
2021.8.17,9.3
2021.8.18,5.6
2021.8.19,
2021.8.20,0
2021.8.21,62.8
2021.8.22,0
2021.8.23,7.4
2021.8.24,10.5
2021.8.25,0.3
2021.8.26,0.7
2021.8.27,0.9
2021.8.28,
2021.8.29,0.9
2021.8.30,0
2021.8.31,77.4
2021.9.1,0.8
2021.9.2,
2021.9.3,
2021.9.4,
2021.9.5,
2021.9.6,12
2021.9.7,29.6
2021.9.8,1.6
2021.9.9,
2021.9.10,
2021.9.11,
2021.9.12,
2021.9.13,
2021.9.14,
2021.9.15,
2021.9.16,
2021.9.17,
2021.9.18,
2021.9.19,
2021.9.20,
2021.9.21,68.1
2021.9.22,4.5
2021.9.23,
2021.9.24,
2021.9.25,
2021.9.26,
2021.9.27,0
2021.9.28,1.3
2021.9.29,13.1
2021.9.30,
2021.10.1,13.3
2021.10.2,
2021.10.3,
2021.10.4,3.6
2021.10.5,0
2021.10.6,6.4
2021.10.7,4.6
2021.10.8,3.5
2021.10.9,0.4
2021.10.10,14.2
2021.10.11,0.3
2021.10.12,
2021.10.13,
2021.10.14,
2021.10.15,0
2021.10.16,0
2021.10.17,
2021.10.18,5.6
2021.10.19,4.4
2021.10.20,
2021.10.21,
2021.10.22,
2021.10.23,
2021.10.24,
2021.10.25,
2021.10.26,
2021.10.27,0
2021.10.28,
2021.10.29,
2021.10.30,
2021.10.31,0.7
2021.11.1,
2021.11.2,
2021.11.3,
2021.11.4,0
2021.11.5,
2021.11.6,
2021.11.7,
2021.11.8,25.7
2021.11.9,2
2021.11.10,0.3
2021.11.11,0
2021.11.12,
2021.11.13,
2021.11.14,
2021.11.15,
2021.11.16,
2021.11.17,
2021.11.18,0
2021.11.19,
2021.11.20,
2021.11.21,5.9
2021.11.22,1.3
2021.11.23,
2021.11.24,0
2021.11.25,
2021.11.26,0
2021.11.27,
2021.11.28,
2021.11.29,
2021.11.30,27.2
2021.12.1,
2021.12.2,0.1
2021.12.3,0.4
2021.12.4,
2021.12.5,
2021.12.6,
2021.12.7,
2021.12.8,
2021.12.9,
2021.12.10,0.7
2021.12.11,
2021.12.12,
2021.12.13,
2021.12.14,1.2
2021.12.15,2.1
2021.12.16,0
2021.12.17,
2021.12.18,2.8
2021.12.19,0.2
2021.12.20,0
2021.12.21,
2021.12.22,
2021.12.23,
2021.12.24,0.2
2021.12.25,
2021.12.26,
2021.12.27,0
2021.12.28,
2021.12.29,0.2
2021.12.30,0
2021.12.31,
2022.3.1,2.3
2022.3.2,
2022.3.3,
2022.3.4,
2022.3.5,
2022.3.6,
2022.3.7,
2022.3.8,
2022.3.9,
2022.3.10,
2022.3.11,
2022.3.12,2.6
2022.3.13,42.1
2022.3.14,8.7
2022.3.15,
2022.3.16,
2022.3.17,1.2
2022.3.18,0
2022.3.19,14.6
2022.3.20,0
2022.3.21,
2022.3.22,
2022.3.23,
2022.3.24,
2022.3.25,10.9
2022.3.26,19.8
2022.3.27,
2022.3.28,
2022.3.29,
2022.3.30,0.4
2022.3.31,
2022.4.1,
2022.4.2,
2022.4.3,
2022.4.4,
2022.4.5,
2022.4.6,
2022.4.7,
2022.4.8,
2022.4.9,0.5
2022.4.10,
2022.4.11,
2022.4.12,0.5
2022.4.13,1.3
2022.4.14,
2022.4.15,
2022.4.16,
2022.4.17,
2022.4.18,
2022.4.19,
2022.4.20,
2022.4.21,
2022.4.22,
2022.4.23,
2022.4.24,0.3
2022.4.25,1.3
2022.4.26,1
2022.4.27,
2022.4.28,0
2022.4.29,15.5
2022.4.30,
2022.5.1,
2022.5.2,
2022.5.3,
2022.5.4,
2022.5.5,
2022.5.6,
2022.5.7,0.5
2022.5.8,2
2022.5.9,
2022.5.10,0
2022.5.11,0
2022.5.12,
2022.5.13,
2022.5.14,
2022.5.15,
2022.5.16,
2022.5.17,
2022.5.18,1.5
2022.5.19,
2022.5.20,
2022.5.21,
2022.5.22,
2022.5.23,
2022.5.24,
2022.5.25,3.5
2022.5.26,0
2022.5.27,0
2022.5.28,
2022.5.29,
2022.5.30,0
2022.5.31,
2022.6.1,
2022.6.2,
2022.6.3,
2022.6.4,
2022.6.5,0
2022.6.6,4.3
2022.6.7,0
2022.6.8,
2022.6.9,2.6
2022.6.10,1.2
2022.6.11,
2022.6.12,
2022.6.13,18
2022.6.14,0
2022.6.15,18.5
2022.6.16,0.7
2022.6.17,
2022.6.18,0
2022.6.19,
2022.6.20,
2022.6.21,
2022.6.22,
2022.6.23,103
2022.6.24,19.1
2022.6.25,
2022.6.26,
2022.6.27,6.1
2022.6.28,6.3
2022.6.29,37.8
2022.6.30,176.2
2022.7.1,
2022.7.2,
2022.7.3,
2022.7.4,0
2022.7.5,0
2022.7.6,16.1
2022.7.7,0
2022.7.8,1.7
2022.7.9,0.1
2022.7.10,0
2022.7.11,9
2022.7.12,
2022.7.13,114.5
2022.7.14,0.9
2022.7.15,
2022.7.16,34
2022.7.17,0
2022.7.18,
2022.7.19,
2022.7.20,1.1
2022.7.21,10.4
2022.7.22,5.2
2022.7.23,9.9
2022.7.24,1.2
2022.7.25,
2022.7.26,
2022.7.27,
2022.7.28,
2022.7.29,
2022.7.30,1
2022.7.31,47.2
2022.8.1,30
2022.8.2,33.5
2022.8.3,51.1
2022.8.4,0
2022.8.5,0
2022.8.6,13.6
2022.8.7,0.9
2022.8.8,129.6
2022.8.9,123.1
2022.8.10,7.6
2022.8.11,38.8
2022.8.12,
2022.8.13,4
2022.8.14,3
2022.8.15,0.9
2022.8.16,0
2022.8.17,0
2022.8.18,
2022.8.19,66.1
2022.8.20,0
2022.8.21,
2022.8.22,3.2
2022.8.23,2.2
2022.8.24,
2022.8.25,1.6
2022.8.26,
2022.8.27,17.6
2022.8.28,
2022.8.29,2.2
2022.8.30,35.8
2022.8.31,0
2022.9.1,
2022.9.2,
2022.9.3,
2022.9.4,33.8
2022.9.5,120
2022.9.6,25.3
2022.9.7,
2022.9.8,
2022.9.9,
2022.9.10,
2022.9.11,0.1
2022.9.12,
2022.9.13,0
2022.9.14,0
2022.9.15,0.1
2022.9.16,14.6
2022.9.17,4.3
2022.9.18,
2022.9.19,
2022.9.20,
2022.9.21,
2022.9.22,
2022.9.23,3.3
2022.9.24,
2022.9.25,
2022.9.26,
2022.9.27,
2022.9.28,
2022.9.29,
2022.9.30,
2022.10.1,
2022.10.2,15.8
2022.10.3,76
2022.10.4,11.8
2022.10.5,0.1
2022.10.6,0
2022.10.7,
2022.10.8,
2022.10.9,20.4
2022.10.10,0
2022.10.11,
2022.10.12,
2022.10.13,
2022.10.14,
2022.10.15,
2022.10.16,
2022.10.17,
2022.10.18,
2022.10.19,
2022.10.20,
2022.10.21,
2022.10.22,
2022.10.23,
2022.10.24,
2022.10.25,
2022.10.26,
2022.10.27,
2022.10.28,
2022.10.29,
2022.10.30,
2022.10.31,
2022.11.1,
2022.11.2,
2022.11.3,0
2022.11.4,
2022.11.5,
2022.11.6,
2022.11.7,0
2022.11.8,
2022.11.9,
2022.11.10,
2022.11.11,
2022.11.12,57.9
2022.11.13,